<measure>
  <schema_version>3.0</schema_version>
  <name>add_ground_temperature_energyplus_object</name>
  <uid>e9779801-eae7-44e4-adf6-19190d3197ac</uid>
  <version_id>722ee587-83ff-464b-a946-6784d2483d19</version_id>
  <version_modified>20220516T181540Z</version_modified>
  <xml_checksum>BB067920</xml_checksum>
  <class_name>AddGroundTemperatureEnergyPlusObject</class_name>
  <display_name>Add Ground Temperature EnergyPlus Object</display_name>
  <description>Temporary solution to underground heat transfer. Must have surfaces with outside BC = Ground. Default temperature argument values are from Fort Collins TMY3 file.</description>
  <modeler_description></modeler_description>
  <arguments>
    <argument>
      <name>jan_temp</name>
      <display_name>Ground Temperature in January</display_name>
      <type>Double</type>
      <required>true</required>
      <model_dependent>false</model_dependent>
      <default_value>5.09</default_value>
    </argument>
    <argument>
      <name>feb_temp</name>
      <display_name>Ground Temperature in February</display_name>
      <type>Double</type>
      <required>true</required>
      <model_dependent>false</model_dependent>
      <default_value>1.17</default_value>
    </argument>
    <argument>
      <name>mar_temp</name>
      <display_name>Ground Temperature in March</display_name>
      <type>Double</type>
      <required>true</required>
      <model_dependent>false</model_dependent>
      <default_value>-0.7</default_value>
    </argument>
    <argument>
      <name>apr_temp</name>
      <display_name>Ground Temperature in April</display_name>
      <type>Double</type>
      <required>true</required>
      <model_dependent>false</model_dependent>
      <default_value>-0.76</default_value>
    </argument>
    <argument>
      <name>may_temp</name>
      <display_name>Ground Temperature in May</display_name>
      <type>Double</type>
      <required>true</required>
      <model_dependent>false</model_dependent>
      <default_value>2.22</default_value>
    </argument>
    <argument>
      <name>jun_temp</name>
      <display_name>Ground Temperature in June</display_name>
      <type>Double</type>
      <required>true</required>
      <model_dependent>false</model_dependent>
      <default_value>6.55</default_value>
    </argument>
    <argument>
      <name>jul_temp</name>
      <display_name>Ground Temperature in July</display_name>
      <type>Double</type>
      <required>true</required>
      <model_dependent>false</model_dependent>
      <default_value>11.21</default_value>
    </argument>
    <argument>
      <name>aug_temp</name>
      <display_name>Ground Temperature in August</display_name>
      <type>Double</type>
      <required>true</required>
      <model_dependent>false</model_dependent>
      <default_value>15.2</default_value>
    </argument>
    <argument>
      <name>sept_temp</name>
      <display_name>Ground Temperature in September</display_name>
      <type>Double</type>
      <required>true</required>
      <model_dependent>false</model_dependent>
      <default_value>17.26</default_value>
    </argument>
    <argument>
      <name>oct_temp</name>
      <display_name>Ground Temperature in October</display_name>
      <type>Double</type>
      <required>true</required>
      <model_dependent>false</model_dependent>
      <default_value>16.88</default_value>
    </argument>
    <argument>
      <name>nov_temp</name>
      <display_name>Ground Temperature in November</display_name>
      <type>Double</type>
      <required>true</required>
      <model_dependent>false</model_dependent>
      <default_value>14.12</default_value>
    </argument>
    <argument>
      <name>dec_temp</name>
      <display_name>Ground Temperature in December</display_name>
      <type>Double</type>
      <required>true</required>
      <model_dependent>false</model_dependent>
      <default_value>9.9</default_value>
    </argument>
  </arguments>
  <outputs/>
  <provenances/>
  <tags>
    <tag>Envelope.Opaque</tag>
  </tags>
  <attributes>
    <attribute>
      <name>Measure Type</name>
      <value>EnergyPlusMeasure</value>
      <datatype>string</datatype>
    </attribute>
    <attribute>
      <name>Intended Software Tool</name>
      <value>OpenStudio Application</value>
      <datatype>string</datatype>
    </attribute>
    <attribute>
      <name>Intended Software Tool</name>
      <value>Parametric Analysis Tool</value>
      <datatype>string</datatype>
    </attribute>
  </attributes>
  <files>
    <file>
      <version>
        <software_program>OpenStudio</software_program>
        <identifier>1.7.0</identifier>
        <min_compatible>1.7.0</min_compatible>
      </version>
      <filename>measure.rb</filename>
      <filetype>rb</filetype>
      <usage_type>script</usage_type>
      <checksum>12DE51F5</checksum>
    </file>
  </files>
</measure>
